Region,"local authority: 
district / unitary",All Categories of people in employment,Work mainly at or from home,"Underground, metro, light rail, tram",Train,"Bus, minibus or coach","Motorcycle, scooter or moped",Driving a car or van,Passenger in a car or van,Taxi,Bicycle,On foot,Other method of travel to work,Year
North East,County Durham,"227,894","20,652",323,"1,865","13,732","1,038","146,644","17,362","1,401","2,205","21,490","1,182","2,011"
North East,Darlington,"49,014","4,180",33,828,"3,380",191,"28,981","3,337",403,"1,151","6,284",246,"2,011"
North East,Gateshead,"91,877","6,383","4,270",705,"13,909",364,"50,236","5,830",453,"1,314","7,966",447,"2,011"
North East,Hartlepool,"37,767","2,473",33,469,"2,556",175,"22,863","3,157",673,706,"4,305",357,"2,011"
North East,Middlesbrough,"54,547","3,337",44,698,"4,868",195,"31,155","4,639",902,"1,375","6,769",565,"2,011"
North East,Newcastle upon Tyne,"119,335","8,430","6,304","1,381","21,728",345,"54,165","6,706","1,037","3,223","15,302",714,"2,011"
North East,North Tyneside,"96,026","6,997","8,523","1,385","8,606",471,"52,543","5,951",748,"2,345","7,559",898,"2,011"
North East,Northumberland,"146,901","17,894",659,"1,852","7,593",682,"90,566","9,283",523,"2,074","14,632","1,143","2,011"
North East,Redcar and Cleveland,"56,354","4,034",43,"1,175","3,314",255,"36,281","3,976",388,875,"5,335",678,"2,011"
North East,South Tyneside,"64,622","3,875","5,681","1,090","6,194",341,"35,011","3,774",303,"1,396","5,749","1,208","2,011"
North East,Stockton-on-Tees,"87,122","6,376",97,"1,115","5,023",410,"57,793","6,014",593,"1,693","7,101",907,"2,011"
North East,Sunderland,"121,511","7,705","2,762",894,"15,151",520,"70,607","9,356",740,"1,588","11,310",878,"2,011"
North West,Allerdale,"46,076","6,025",22,374,"1,730",228,"27,790","3,415",106,694,"5,496",196,"2,011"
North West,Barrow-in-Furness,"31,257","2,009",33,515,"1,593",542,"16,727","2,277",426,"1,620","5,302",213,"2,011"
North West,Blackburn with Darwen,"60,523","4,930",42,956,"3,240",315,"36,700","4,916","1,097",592,"7,460",275,"2,011"
North West,Blackpool,"61,419","6,173",40,512,"5,174",551,"32,816","4,578",565,"1,916","8,705",389,"2,011"
North West,Bolton,"123,367","10,086",274,"4,384","8,200",792,"76,681","8,189","1,537","1,261","11,435",528,"2,011"
North West,Burnley,"38,133","2,941",20,238,"3,170",212,"23,316","2,991",316,397,"4,375",157,"2,011"
North West,Bury,"88,036","7,689","4,234",523,"5,671",455,"55,361","4,819",690,"1,176","7,094",324,"2,011"
North West,Carlisle,"53,874","5,464",30,304,"3,691",294,"30,673","3,377",174,"1,390","8,245",232,"2,011"
North West,Cheshire East,"181,136","23,337",254,"4,971","3,267","1,169","116,931","8,993",504,"4,666","16,282",762,"2,011"
North West,Cheshire West and Chester,"160,138","17,178",257,"3,114","5,477","1,001","103,898","8,767",783,"4,200","14,669",794,"2,011"
North West,Chorley,"53,702","5,827",34,"1,261","1,575",375,"36,378","2,941",135,761,"4,227",188,"2,011"
North West,Copeland,"32,891","2,782",18,519,"1,532",272,"20,877","3,086",152,554,"2,958",141,"2,011"
North West,Eden,"27,461","5,771",20,206,578,86,"15,360","1,311",67,326,"3,601",135,"2,011"
North West,Fylde,"34,510","4,055",32,416,"1,339",235,"22,153","1,690",139,959,"3,325",167,"2,011"
North West,Halton,"57,577","3,696",38,"1,081","3,787",351,"37,640","3,988",321,"1,191","5,221",263,"2,011"
North West,Hyndburn,"35,993","2,860",9,325,"2,247",239,"23,076","2,576",360,398,"3,751",152,"2,011"
North West,Knowsley,"61,691","3,531",162,"3,448","6,806",275,"34,717","4,682","1,195",962,"5,569",344,"2,011"
North West,Lancaster,"62,832","6,644",53,"1,252","3,707",533,"34,942","3,810",341,"2,497","8,706",347,"2,011"
North West,Liverpool,"196,630","12,180","1,081","9,707","38,027",780,"91,570","11,587","2,574","3,970","23,991","1,163","2,011"
North West,Manchester,"213,705","15,288","2,841","5,663","46,652",841,"91,871","9,828","1,810","8,426","29,347","1,138","2,011"
North West,Oldham,"96,300","7,349",121,"1,115","10,269",489,"57,766","7,097",971,993,"9,622",508,"2,011"
North West,Pendle,"39,324","3,370",19,287,"2,092",185,"24,451","2,868",353,498,"5,019",182,"2,011"
North West,Preston,"64,180","5,038",44,865,"7,148",418,"35,956","4,324",345,"1,449","8,299",294,"2,011"
North West,Ribble Valley,"28,713","4,070",26,304,593,160,"19,098","1,303",47,380,"2,635",97,"2,011"
North West,Rochdale,"90,753","7,076",181,"1,804","7,904",465,"55,947","6,383","1,493",910,"8,172",418,"2,011"
North West,Rossendale,"32,808","3,292",25,164,"1,872",218,"22,313","1,938",130,236,"2,478",142,"2,011"
North West,Salford,"106,904","7,987","2,205","1,953","11,786",612,"57,767","6,601","1,154","2,491","13,850",498,"2,011"
North West,Sefton,"121,919","10,137",512,"8,871","8,404",599,"69,071","7,262","1,530","3,176","11,561",796,"2,011"
North West,South Lakeland,"51,672","9,125",34,696,933,268,"28,423","2,558",171,"1,361","7,843",260,"2,011"
North West,South Ribble,"55,761","4,691",32,797,"2,697",467,"38,169","3,165",143,"1,587","3,838",175,"2,011"
North West,St. Helens,"78,580","5,347",33,"2,355","4,862",491,"51,899","5,352",621,"1,092","6,231",297,"2,011"
North West,Stockport,"137,130","13,362",220,"6,781","10,988",754,"84,858","5,839",412,"2,756","10,637",523,"2,011"
North West,Tameside,"101,892","7,651",173,"3,470","11,143",675,"61,044","5,893",543,"1,401","9,519",380,"2,011"
North West,Trafford,"110,912","11,166","5,490","1,511","7,479",495,"66,954","5,030",560,"3,393","8,338",496,"2,011"
North West,Warrington,"100,856","9,336",142,"2,068","4,946",677,"67,670","5,650",368,"2,577","7,038",384,"2,011"
North West,West Lancashire,"51,694","5,648",94,"1,678","1,451",276,"33,181","3,102",571,857,"4,568",268,"2,011"
North West,Wigan,"149,908","10,864",78,"3,274","8,516","1,137","99,323","9,757",755,"2,354","13,301",549,"2,011"
North West,Wirral,"139,929","11,602","1,355","8,249","9,929","1,273","83,682","8,351",907,"2,275","11,193","1,113","2,011"
North West,Wyre,"48,558","5,406",45,548,"1,994",404,"31,480","2,916",229,"1,340","3,820",376,"2,011"
Yorkshire and The Humber,Barnsley,"103,579","7,945",115,"2,037","6,467",823,"67,465","7,487",455,712,"9,700",373,"2,011"
Yorkshire and The Humber,Bradford,"218,937","19,312",261,"10,909","19,595","1,027","124,104","15,300","2,502","1,681","23,175","1,071","2,011"
Yorkshire and The Humber,Calderdale,"96,645","9,506",80,"3,139","8,075",605,"57,705","6,044",498,877,"9,763",353,"2,011"
Yorkshire and The Humber,Craven,"27,600","4,595",25,926,591,120,"15,703","1,299",55,331,"3,799",156,"2,011"
Yorkshire and The Humber,Doncaster,"133,815","11,055",114,"2,827","9,961",816,"82,346","9,972",774,"3,227","12,214",509,"2,011"
Yorkshire and The Humber,East Riding of Yorkshire,"158,757","18,942",103,"2,206","4,428","1,182","101,115","8,579",472,"5,819","14,774","1,137","2,011"
Yorkshire and The Humber,Hambleton,"45,255","7,270",37,550,676,193,"27,312","2,079",80,"1,196","5,612",250,"2,011"
Yorkshire and The Humber,Harrogate,"81,402","12,145",118,"1,903","3,053",436,"47,030","3,936",204,"1,723","10,465",389,"2,011"
Yorkshire and The Humber,"Kingston upon Hull, City of","110,903","5,676",51,642,"14,317","1,313","56,712","8,631","1,111","8,944","12,705",801,"2,011"
Yorkshire and The Humber,Kirklees,"192,397","17,716",151,"5,281","14,890","1,256","118,836","12,264","1,672","1,791","17,802",738,"2,011"
Yorkshire and The Humber,Leeds,"355,225","29,647",454,"11,440","49,589","1,740","190,643","21,056","3,047","6,237","40,140","1,232","2,011"
Yorkshire and The Humber,North East Lincolnshire,"70,776","4,574",51,312,"4,251",645,"43,237","4,972",523,"3,817","7,841",553,"2,011"
Yorkshire and The Humber,North Lincolnshire,"78,101","6,841",33,348,"1,858",779,"52,473","5,166",193,"2,959","7,041",410,"2,011"
Yorkshire and The Humber,Richmondshire,"27,795","4,910",29,400,522,128,"15,097","1,364",90,447,"4,215",593,"2,011"
Yorkshire and The Humber,Rotherham,"114,871","8,748",450,"1,232","9,759",674,"75,360","8,132",619,987,"8,542",368,"2,011"
Yorkshire and The Humber,Ryedale,"25,504","5,114",24,254,407,171,"14,442","1,296",40,764,"2,834",158,"2,011"
Yorkshire and The Humber,Scarborough,"48,359","6,450",35,549,"2,090",367,"24,373","3,098",222,"1,079","9,706",390,"2,011"
Yorkshire and The Humber,Selby,"43,286","5,133",28,"1,104","1,318",305,"28,833","2,267",62,"1,032","3,060",144,"2,011"
Yorkshire and The Humber,Sheffield,"244,318","18,553","8,186","3,956","34,061","1,348","128,899","13,464","1,147","4,267","29,288","1,149","2,011"
Yorkshire and The Humber,Wakefield,"151,828","11,373",116,"3,964","10,513",967,"95,373","11,418","1,356","1,869","14,373",506,"2,011"
Yorkshire and The Humber,York,"98,721","9,297",96,"2,406","7,039",947,"45,123","4,463",377,"11,106","17,457",410,"2,011"
East Midlands,Amber Valley,"59,381","5,697",67,664,"2,375",577,"40,210","3,346",163,796,"5,297",189,"2,011"
East Midlands,Ashfield,"55,336","4,177","1,144",588,"2,907",485,"35,904","3,500",213,"1,109","5,056",253,"2,011"
East Midlands,Bassetlaw,"52,814","5,525",35,583,"1,228",374,"34,984","3,546",145,"1,320","4,873",201,"2,011"
East Midlands,Blaby,"48,276","4,795",30,357,"2,468",354,"33,359","2,465",102,"1,306","2,894",146,"2,011"
East Midlands,Bolsover,"34,511","2,855",59,247,"1,614",287,"23,758","2,397",111,272,"2,780",131,"2,011"
East Midlands,Boston,"30,807","2,831",12,92,632,239,"18,492","3,471",119,"1,976","2,783",160,"2,011"
East Midlands,Broxtowe,"53,185","4,688",369,755,"4,974",453,"32,280","2,483",114,"2,220","4,672",177,"2,011"
East Midlands,Charnwood,"79,572","7,925",84,"1,179","3,892",588,"50,738","3,910",122,"2,969","7,930",235,"2,011"
East Midlands,Chesterfield,"47,901","3,755",39,684,"3,788",358,"30,089","3,164",349,515,"4,996",164,"2,011"
East Midlands,Corby,"30,688","1,860",24,284,"1,834",179,"19,068","3,380",397,857,"2,651",154,"2,011"
East Midlands,Daventry,"39,536","5,753",40,695,533,202,"26,698","1,873",73,532,"3,015",122,"2,011"
East Midlands,Derby,"112,422","7,829",83,"1,196","9,978",970,"65,944","7,128",893,"4,158","13,755",488,"2,011"
East Midlands,Derbyshire Dales,"35,005","6,390",42,418,772,204,"21,520","1,620",48,357,"3,454",180,"2,011"
East Midlands,East Lindsey,"56,311","8,626",64,134,"1,032",390,"33,997","2,662",181,"2,019","6,846",360,"2,011"
East Midlands,East Northamptonshire,"43,417","5,196",38,674,600,303,"30,016","2,242",98,548,"3,575",127,"2,011"
East Midlands,Erewash,"54,851","4,621",55,768,"3,791",628,"35,070","2,847",143,"1,866","4,896",166,"2,011"
East Midlands,Gedling,"55,598","5,150",193,362,"7,516",425,"33,686","2,724",178,"1,043","4,107",214,"2,011"
East Midlands,Harborough,"44,079","6,408",56,814,870,252,"29,182","1,791",57,886,"3,595",168,"2,011"
East Midlands,High Peak,"45,618","5,494",57,"2,590","1,200",276,"27,146","2,113",151,612,"5,774",205,"2,011"
East Midlands,Hinckley and Bosworth,"53,774","5,814",35,402,"1,578",416,"37,230","2,788",100,"1,212","4,022",177,"2,011"
East Midlands,Kettering,"46,918","4,541",30,803,"1,267",283,"31,112","2,910",92,846,"4,885",149,"2,011"
East Midlands,Leicester,"137,494","9,392",227,"1,550","18,203",676,"67,886","10,824",714,"4,980","22,303",739,"2,011"
East Midlands,Lincoln,"44,599","3,088",38,341,"2,402",484,"23,405","3,302",259,"2,640","8,441",199,"2,011"
East Midlands,Mansfield,"48,361","3,613",59,394,"2,821",351,"32,005","3,711",274,668,"4,284",181,"2,011"
East Midlands,Melton,"26,184","3,489",17,372,638,178,"16,576","1,331",39,570,"2,878",96,"2,011"
East Midlands,Newark and Sherwood,"54,555","6,943",71,810,"1,380",376,"34,537","2,944",79,"2,103","5,099",213,"2,011"
East Midlands,North East Derbyshire,"46,858","4,680",306,459,"2,683",335,"32,339","2,748",112,326,"2,709",161,"2,011"
East Midlands,North Kesteven,"52,428","5,933",50,638,"1,427",464,"34,910","2,533",103,"2,008","4,084",278,"2,011"
East Midlands,North West Leicestershire,"46,291","4,979",18,202,"1,039",420,"32,714","2,423",104,759,"3,449",184,"2,011"
East Midlands,Northampton,"106,792","8,457",100,"1,739","7,286",534,"66,252","7,702",535,"2,732","11,052",403,"2,011"
East Midlands,Nottingham,"123,218","8,856","2,495","1,315","24,275",763,"54,020","6,530",950,"4,257","19,064",693,"2,011"
East Midlands,Oadby and Wigston,"26,399","2,187",43,273,"2,145",162,"16,953","1,534",77,794,"2,142",89,"2,011"
East Midlands,Rushcliffe,"55,346","7,416",90,602,"4,690",254,"34,541","2,244",82,"1,627","3,624",176,"2,011"
East Midlands,Rutland,"18,037","3,011",29,303,196,101,"10,502",721,20,606,"2,478",70,"2,011"
East Midlands,South Derbyshire,"47,886","5,083",34,367,"1,313",478,"34,283","2,447",163,754,"2,798",166,"2,011"
East Midlands,South Holland,"41,490","4,954",31,364,621,242,"27,726","2,714",68,"1,711","2,899",160,"2,011"
East Midlands,South Kesteven,"66,532","7,971",73,"1,223","1,383",430,"42,163","3,602",254,"1,878","7,297",258,"2,011"
East Midlands,South Northamptonshire,"45,740","6,786",49,971,743,263,"31,638","2,042",50,470,"2,592",136,"2,011"
East Midlands,Wellingborough,"36,363","3,324",34,719,849,195,"24,287","2,684",297,527,"3,270",177,"2,011"
East Midlands,West Lindsey,"41,968","5,681",32,289,694,306,"28,141","2,129",73,860,"3,518",245,"2,011"
West Midlands,Birmingham,"423,691","32,837","1,327","19,222","71,361","1,938","223,632","22,116","2,791","6,458","40,042","1,967","2,011"
West Midlands,Bromsgrove,"46,251","5,759",38,"1,868","1,067",237,"31,754","2,013",113,471,"2,798",133,"2,011"
West Midlands,Cannock Chase,"47,476","3,753",20,801,"1,471",367,"33,305","3,215",167,635,"3,611",131,"2,011"
West Midlands,Coventry,"137,560","10,043",130,"2,864","14,912",843,"77,965","10,766",708,"3,594","15,042",693,"2,011"
West Midlands,Dudley,"141,998","10,956",195,"4,102","10,188","1,216","94,090","8,057",422,"1,723","10,645",404,"2,011"
West Midlands,East Staffordshire,"54,921","5,555",34,594,"1,600",404,"34,628","3,613",419,"1,738","6,142",194,"2,011"
West Midlands,"Herefordshire, County of","90,237","15,123",85,612,"1,491",601,"52,643","4,601",250,"3,223","11,062",546,"2,011"
West Midlands,Lichfield,"49,016","6,145",41,"1,683","1,014",237,"33,212","2,450",94,627,"3,333",180,"2,011"
West Midlands,Malvern Hills,"34,361","6,260",34,663,471,261,"21,865","1,535",55,598,"2,473",146,"2,011"
West Midlands,Newcastle-under-Lyme,"57,366","4,982",38,465,"2,618",391,"38,686","4,195",509,668,"4,646",168,"2,011"
West Midlands,North Warwickshire,"31,258","3,393",17,506,887,243,"21,842","1,837",117,353,"1,963",100,"2,011"
West Midlands,Nuneaton and Bedworth,"60,205","4,381",32,751,"2,633",524,"40,555","4,340",200,"1,268","5,307",214,"2,011"
West Midlands,Redditch,"42,922","3,623",26,724,"3,017",226,"28,276","2,817",194,665,"3,198",156,"2,011"
West Midlands,Rugby,"50,485","5,216",34,"1,219","1,125",393,"32,570","3,293",160,"1,505","4,809",161,"2,011"
West Midlands,Sandwell,"128,630","7,840","1,607","3,573","17,905",826,"73,872","8,850",719,"1,996","10,936",506,"2,011"
West Midlands,Shropshire,"150,748","22,808",157,"1,681","2,888",893,"92,220","7,598",541,"4,310","16,951",701,"2,011"
West Midlands,Solihull,"97,941","9,989",165,"5,116","7,836",484,"62,325","4,516",321,"1,341","5,516",332,"2,011"
West Midlands,South Staffordshire,"53,328","5,996",110,"1,259","1,686",334,"37,970","2,637",99,552,"2,507",178,"2,011"
West Midlands,Stafford,"64,494","7,722",39,"1,231","1,758",445,"41,289","3,255",208,"1,751","6,571",225,"2,011"
West Midlands,Staffordshire Moorlands,"47,591","5,919",26,317,"1,128",253,"32,815","2,631",30,456,"3,855",161,"2,011"
West Midlands,Stoke-on-Trent,"108,109","6,933",31,753,"8,467",872,"67,766","9,190","1,327","1,574","10,739",457,"2,011"
West Midlands,Stratford-on-Avon,"60,765","10,191",102,"1,031","1,057",358,"38,528","2,682",92,"1,260","5,272",192,"2,011"
West Midlands,Tamworth,"38,281","2,789",14,798,"1,412",263,"26,053","2,705",209,826,"3,074",138,"2,011"
West Midlands,Telford and Wrekin,"78,372","6,331",60,"1,047","3,113",556,"52,405","6,198",849,"1,644","5,840",329,"2,011"
West Midlands,Walsall,"112,270","8,150",396,"1,530","11,286",680,"70,793","7,275",572,"1,747","9,460",381,"2,011"
West Midlands,Warwick,"69,608","8,208",77,"2,205","2,511",393,"42,674","3,277",132,"2,171","7,705",255,"2,011"
West Midlands,Wolverhampton,"104,284","7,229","1,562","2,819","11,692",638,"60,420","6,767",690,"2,170","9,870",427,"2,011"
West Midlands,Worcester,"50,101","4,210",27,891,"2,235",386,"29,408","2,831",169,"2,087","7,643",214,"2,011"
West Midlands,Wychavon,"58,268","8,527",53,862,902,396,"38,727","2,940",102,"1,051","4,465",243,"2,011"
West Midlands,Wyre Forest,"46,339","5,143",28,"1,149",844,390,"30,702","2,792",202,781,"4,121",187,"2,011"
East of England,Babergh,"42,250","5,776",77,"1,433",915,272,"27,049","1,856",74,820,"3,783",195,"2,011"
East of England,Basildon,"83,006","6,482",556,"13,425","2,757",578,"45,388","4,515",684,"1,412","6,878",331,"2,011"
East of England,Bedford,"75,810","7,921",97,"3,443","3,140",416,"45,554","4,361",319,"2,866","7,360",333,"2,011"
East of England,Braintree,"74,200","8,511",196,"6,120","1,619",446,"45,715","3,540",229,"1,070","6,468",286,"2,011"
East of England,Breckland,"61,301","7,477",47,474,"1,273",498,"39,923","3,679",202,"1,574","5,852",302,"2,011"
East of England,Brentwood,"36,251","4,094",653,"8,181",644,230,"18,041","1,190",200,320,"2,550",148,"2,011"
East of England,Broadland,"61,541","6,724",62,572,"3,289",814,"40,878","2,918",145,"2,390","3,320",429,"2,011"
East of England,Broxbourne,"46,222","3,904","1,145","5,469","1,340",384,"27,638","2,053",460,593,"3,033",203,"2,011"
East of England,Cambridge,"59,437","6,417",130,"2,760","3,800",490,"17,879","1,628",188,"17,257","8,653",235,"2,011"
East of England,Castle Point,"41,443","3,625",162,"5,624","1,430",325,"24,984","1,894",223,631,"2,352",193,"2,011"
East of England,Central Bedfordshire,"132,061","14,781",271,"8,165","2,585",831,"87,245","5,891",249,"2,058","9,554",431,"2,011"
East of England,Chelmsford,"86,451","8,857",355,"11,101","3,326",577,"47,511","3,552",224,"2,486","8,173",289,"2,011"
East of England,Colchester,"85,587","8,617",174,"6,424","4,824",683,"46,907","4,123",260,"3,310","9,898",367,"2,011"
East of England,Dacorum,"73,437","8,844",511,"6,201","2,200",487,"43,992","3,264",266,788,"6,599",285,"2,011"
East of England,East Cambridgeshire,"43,919","5,702",50,"2,303",706,301,"28,943","2,098",86,"1,220","2,353",157,"2,011"
East of England,East Hertfordshire,"72,225","8,672",559,"9,383","1,327",406,"42,056","2,507",243,900,"5,937",235,"2,011"
East of England,Epping Forest,"61,609","7,060","11,466","2,629","1,269",582,"32,030","1,931",696,482,"3,201",263,"2,011"
East of England,Fenland,"44,514","4,683",43,627,893,312,"28,976","2,913",160,"2,022","3,696",189,"2,011"
East of England,Forest Heath,"31,540","3,079",25,237,565,230,"21,415","1,810",109,"1,126","2,824",120,"2,011"
East of England,Great Yarmouth,"41,264","3,817",31,248,"2,443",415,"23,861","2,704",215,"1,689","4,895",946,"2,011"
East of England,Harlow,"40,401","2,778","1,181","1,679","2,122",282,"23,976","2,720",408,"1,018","4,084",153,"2,011"
East of England,Hertsmere,"49,428","6,104","2,332","5,809","2,248",399,"26,471","1,630",356,494,"3,387",198,"2,011"
East of England,Huntingdonshire,"88,991","10,153",113,"3,169","2,191",568,"57,545","4,400",252,"3,164","7,149",287,"2,011"
East of England,Ipswich,"65,479","4,674",57,"1,538","4,974",713,"35,092","4,455",224,"3,009","10,488",255,"2,011"
East of England,King`s Lynn and West Norfolk,"67,268","7,965",112,976,"1,483",480,"43,255","4,004",148,"3,155","5,356",334,"2,011"
East of England,Luton,"89,201","6,171",285,"5,126","6,517",432,"49,150","7,475","1,029","1,149","11,261",606,"2,011"
East of England,Maldon,"30,292","4,092",64,"2,274",465,186,"19,136","1,256",70,548,"2,072",129,"2,011"
East of England,Mid Suffolk,"48,570","7,274",58,"1,348",708,376,"31,906","2,027",67,"1,322","3,302",182,"2,011"
East of England,North Hertfordshire,"64,990","7,594",201,"7,546","1,089",387,"38,039","2,753",142,"1,216","5,801",222,"2,011"
East of England,North Norfolk,"43,183","6,822",73,512,833,354,"26,496","2,059",129,"1,208","4,354",343,"2,011"
East of England,Norwich,"62,424","4,781",80,715,"4,959",693,"27,585","3,200",288,"5,464","14,307",352,"2,011"
East of England,Peterborough,"88,044","7,158",92,"2,080","6,434",610,"50,718","7,489",537,"4,990","7,506",430,"2,011"
East of England,Rochford,"40,662","4,056",111,"6,282","1,313",306,"24,053","1,694",152,498,"2,059",138,"2,011"
East of England,South Cambridgeshire,"79,139","10,476",118,"2,742","3,395",774,"47,888","3,039",113,"6,026","4,297",271,"2,011"
East of England,South Norfolk,"60,333","7,820",75,755,"2,630",635,"40,050","2,743",133,"1,852","3,299",341,"2,011"
East of England,Southend-on-Sea,"81,339","7,434",314,"12,445","4,254",598,"38,900","3,761",377,"2,260","10,629",367,"2,011"
East of England,St Albans,"71,378","9,221",632,"13,052","1,682",438,"37,230","2,118",167,"1,185","5,422",231,"2,011"
East of England,St Edmundsbury,"56,483","6,340",82,582,"1,385",395,"35,340","3,205",269,"1,667","7,002",216,"2,011"
East of England,Stevenage,"42,738","3,184",101,"2,919","2,455",353,"25,980","2,615",157,"1,038","3,768",168,"2,011"
East of England,Suffolk Coastal,"58,257","8,232",116,"1,176","1,372",634,"36,718","2,428",131,"2,629","4,566",255,"2,011"
East of England,Tendring,"54,857","6,231",104,"2,726","1,250",416,"33,483","2,915",284,"1,683","5,483",282,"2,011"
East of England,Three Rivers,"43,999","5,416","4,441","2,559",960,321,"25,508","1,582",161,532,"2,376",143,"2,011"
East of England,Thurrock,"77,420","5,186","1,337","11,715","2,831",784,"45,376","4,136",439,"1,078","4,230",308,"2,011"
East of England,Uttlesford,"40,772","6,217",276,"3,378",573,232,"24,826","1,426",112,433,"3,138",161,"2,011"
East of England,Watford,"47,634","4,048","2,230","4,897","2,217",379,"24,369","1,725",195,"1,066","6,296",212,"2,011"
East of England,Waveney,"49,181","4,967",61,517,"1,293",555,"30,167","2,611",237,"2,985","5,030",758,"2,011"
East of England,Welwyn Hatfield,"52,981","5,452",658,"5,236","2,187",385,"29,264","2,442",258,"1,363","5,561",175,"2,011"
London,Barking and Dagenham,"75,217","4,740","16,011","9,060","9,215",615,"27,360","2,086",334,"1,064","4,420",312,"2,011"
London,Barnet,"170,658","20,968","43,280","9,630","19,677","1,777","58,404","3,460",676,"2,368","9,551",867,"2,011"
London,Bexley,"110,159","8,560","2,724","27,039","9,553","1,424","49,278","3,287",839,"1,274","5,712",469,"2,011"
London,Brent,"147,461","12,856","41,392","10,081","25,922","1,512","38,202","2,820",376,"3,699","9,877",724,"2,011"
London,Bromley,"151,368","15,799","4,816","45,418","11,115","1,630","57,095","3,247",720,"2,190","8,708",630,"2,011"
London,Camden,"108,966","14,366","35,908","6,783","15,476","1,157","9,984",758,691,"6,721","16,420",702,"2,011"
London,City of London,"4,747",687,879,253,263,22,134,11,40,243,"2,174",41,"2,011"
London,Croydon,"172,987","15,619","10,923","41,346","24,193","1,471","59,655","3,903",544,"2,115","12,296",922,"2,011"
London,Ealing,"164,820","15,002","43,953","9,710","22,660","1,647","51,845","3,125",362,"4,760","10,974",782,"2,011"
London,Enfield,"137,622","12,362","20,636","15,909","17,728",933,"55,090","3,390",668,"1,905","8,268",733,"2,011"
London,Greenwich,"117,821","9,610","17,440","26,997","18,336","1,221","30,825","2,204",513,"2,669","7,110",896,"2,011"
London,Hackney,"118,556","11,963","22,486","8,336","30,541","1,220","12,445",877,492,"16,389","13,187",620,"2,011"
London,Hammersmith and Fulham,"99,618","10,416","37,734","4,269","13,395","2,060","11,084",678,374,"7,103","11,980",525,"2,011"
London,Haringey,"124,296","12,465","43,784","8,754","20,959","1,536","21,550","1,298",266,"5,911","7,199",574,"2,011"
London,Harrow,"113,900","11,574","27,877","7,537","9,950",581,"45,283","2,713",354,869,"6,746",416,"2,011"
London,Havering,"112,846","8,705","10,492","19,934","8,571",987,"51,452","3,548","1,086",998,"6,584",489,"2,011"
London,Hillingdon,"130,290","11,229","16,915","5,439","15,283","1,035","65,349","3,949",422,"1,892","8,300",477,"2,011"
London,Hounslow,"127,032","11,139","19,249","10,139","20,424","1,388","48,012","2,982",307,"4,050","8,783",559,"2,011"
London,Islington,"106,765","10,122","31,009","5,934","21,595","1,161","9,145",690,769,"9,763","16,059",518,"2,011"
London,Kensington and Chelsea,"81,387","13,510","28,615","2,448","9,725","1,598","9,546",779,"1,555","3,701","9,148",762,"2,011"
London,Kingston upon Thames,"81,957","8,942","2,814","18,195","8,347","1,121","29,312","1,708",217,"3,278","7,697",326,"2,011"
London,Lambeth,"166,494","13,862","49,274","23,064","31,873","2,279","19,068","1,118",384,"12,930","11,898",744,"2,011"
London,Lewisham,"136,057","11,413","19,391","37,398","22,372","1,359","27,910","1,729",371,"5,164","8,227",723,"2,011"
London,Merton,"104,822","9,455","24,664","18,898","10,898","1,333","26,977","1,644",253,"3,409","6,845",446,"2,011"
London,Newham,"132,454","8,945","51,117","15,884","16,779",753,"25,391","1,991",310,"2,163","8,554",567,"2,011"
London,Redbridge,"124,692","11,029","35,515","11,885","8,951",739,"44,111","2,813",981,"1,356","6,722",590,"2,011"
London,Richmond upon Thames,"99,204","13,870","10,108","20,986","7,339","1,574","30,298","1,289",219,"5,849","7,202",470,"2,011"
London,Southwark,"147,388","12,303","29,077","18,534","37,956","1,671","17,057","1,131",594,"10,450","17,426","1,189","2,011"
London,Sutton,"97,658","8,738","5,201","17,391","8,926","1,399","43,228","2,726",468,"2,019","7,184",378,"2,011"
London,Tower Hamlets,"120,873","9,046","45,880","7,225","14,314",867,"12,593",990,645,"7,785","20,672",856,"2,011"
London,Waltham Forest,"121,021","9,193","38,962","12,074","13,024","1,072","32,437","2,190",663,"3,306","7,500",600,"2,011"
London,Wandsworth,"178,582","16,635","48,906","34,864","22,859","3,624","23,913","1,237",463,"12,804","12,494",783,"2,011"
London,Westminster,"111,179","15,542","35,632","4,936","15,789","1,270","9,626",810,"1,513","5,092","19,949","1,020","2,011"
South East,Adur,"29,356","2,991",27,"2,153","1,612",356,"17,111","1,502",89,"1,095","2,285",135,"2,011"
South East,Arun,"67,443","8,436",86,"2,972","1,622",585,"41,037","4,095",214,"2,435","5,620",341,"2,011"
South East,Ashford,"57,546","7,206",90,"3,591","1,481",368,"34,627","3,069",130,"1,438","5,307",239,"2,011"
South East,Aylesbury Vale,"90,724","12,152",203,"4,231","2,480",454,"56,902","4,014",615,"1,474","7,840",359,"2,011"
South East,Basingstoke and Deane,"90,122","10,042",118,"4,572","3,744",545,"56,324","4,332",217,"1,886","8,015",327,"2,011"
South East,Bracknell Forest,"61,914","6,875",109,"2,858","1,201",478,"41,113","2,803",187,"1,360","4,602",328,"2,011"
South East,Brighton and Hove,"139,823","17,356",351,"13,814","18,563","1,035","48,846","4,754",486,"6,635","27,242",741,"2,011"
South East,Canterbury,"65,620","7,592",176,"3,252","3,197",433,"36,080","3,106",170,"1,750","9,626",238,"2,011"
South East,Cherwell,"74,829","8,567",90,"2,066","3,611",544,"44,753","3,940",278,"2,553","8,127",300,"2,011"
South East,Chichester,"53,285","8,724",140,"2,298","1,027",375,"30,051","2,104",125,"2,171","5,998",272,"2,011"
South East,Chiltern,"44,785","7,188","2,707","3,315",591,275,"25,580","1,607",149,395,"2,761",217,"2,011"
South East,Crawley,"55,466","3,682",86,"4,301","5,921",343,"31,935","2,727",286,"1,384","4,587",214,"2,011"
South East,Dartford,"49,611","3,809",354,"8,363","2,524",685,"27,403","2,144",293,525,"3,340",171,"2,011"
South East,Dover,"50,396","5,191",87,"1,749","1,799",427,"30,887","3,017",228,"1,041","5,654",316,"2,011"
South East,East Hampshire,"58,457","8,475",88,"2,945",770,388,"37,337","2,402",78,962,"4,713",299,"2,011"
South East,Eastbourne,"44,449","4,417",71,"2,578","2,420",276,"24,210","2,460",276,"1,316","6,221",204,"2,011"
South East,Eastleigh,"65,768","6,198",47,"2,489","1,909",713,"44,577","3,202",115,"1,645","4,570",303,"2,011"
South East,Elmbridge,"64,730","9,879",616,"12,968","1,353",735,"31,638","1,644",169,"2,001","3,417",310,"2,011"
South East,Epsom and Ewell,"38,005","4,114",537,"7,525","1,443",487,"18,677","1,083",198,946,"2,830",165,"2,011"
South East,Fareham,"56,445","5,596",44,"2,049","1,063",720,"38,090","2,572",129,"2,056","3,668",458,"2,011"
South East,Gosport,"40,063","2,886",21,558,"2,025",948,"22,740","2,049",186,"4,283","3,863",504,"2,011"
South East,Gravesham,"47,639","3,912",205,"5,053","3,125",528,"27,428","2,953",188,449,"3,591",207,"2,011"
South East,Guildford,"70,021","9,154",216,"7,653","2,352",522,"37,853","2,478",138,"1,766","7,615",274,"2,011"
South East,Hart,"48,047","6,957",80,"3,282",546,311,"31,362","1,557",71,936,"2,753",192,"2,011"
South East,Hastings,"40,671","4,386",72,"2,385","2,280",384,"21,379","2,612",337,573,"6,048",215,"2,011"
South East,Havant,"55,555","4,964",38,"1,586","2,518",615,"36,165","3,401",331,"1,631","4,025",281,"2,011"
South East,Horsham,"66,299","9,683",96,"4,512","1,142",396,"40,626","2,748",65,"1,083","5,704",244,"2,011"
South East,Isle of Wight,"59,299","7,280",103,775,"2,529",989,"32,299","2,737",122,"1,771","9,463","1,231","2,011"
South East,Lewes,"45,532","6,310",69,"3,426","3,514",337,"24,438","1,816",148,781,"4,510",183,"2,011"
South East,Maidstone,"78,090","9,110",113,"5,073","2,881",533,"47,188","3,719",193,914,"8,093",273,"2,011"
South East,Medway,"126,689","9,922",266,"10,970","5,819","1,379","76,721","7,615",418,"1,419","11,643",517,"2,011"
South East,Mid Sussex,"72,229","9,459",106,"9,190","1,073",453,"40,567","2,802",251,968,"7,086",274,"2,011"
South East,Milton Keynes,"127,783","12,488",226,"5,301","7,033",647,"79,279","8,058","1,485","3,599","9,117",550,"2,011"
South East,Mole Valley,"42,422","6,784",142,"5,282",595,352,"23,330","1,429",87,770,"3,471",180,"2,011"
South East,New Forest,"82,993","11,249",127,"1,776","1,615",766,"54,271","3,690",149,"3,074","5,693",583,"2,011"
South East,Oxford,"69,807","7,287",157,"1,678","11,122",476,"22,648","2,195",246,"11,915","11,735",348,"2,011"
South East,Portsmouth,"96,619","7,092",115,"3,401","7,070","1,106","47,951","5,623",983,"7,008","15,568",702,"2,011"
South East,Reading,"79,852","6,999",213,"7,425","8,604",455,"35,774","3,477",244,"3,252","13,087",322,"2,011"
South East,Reigate and Banstead,"71,236","8,477",338,"10,390","2,039",599,"39,264","2,534",323,"1,183","5,818",271,"2,011"
South East,Rother,"37,583","6,336",105,"2,556",544,274,"21,954","1,706",92,470,"3,370",176,"2,011"
South East,Runnymede,"40,651","4,809",183,"3,312",740,423,"24,824","1,504",100,"1,162","3,416",178,"2,011"
South East,Rushmoor,"51,087","4,529",69,"3,355","1,983",425,"31,467","2,619",136,"1,413","4,779",312,"2,011"
South East,Sevenoaks,"56,015","7,654",238,"10,847",854,537,"29,400","1,956",192,451,"3,638",248,"2,011"
South East,Shepway,"48,280","5,307",91,"1,835","2,296",347,"28,731","2,584",222,866,"5,704",297,"2,011"
South East,Slough,"67,300","4,977",705,"4,529","4,907",428,"39,226","4,031",432,"1,566","6,169",330,"2,011"
South East,South Bucks,"33,117","5,211",617,"2,643",509,244,"20,402","1,247",97,426,"1,584",137,"2,011"
South East,South Oxfordshire,"70,087","10,398",166,"3,293","2,130",545,"41,461","2,689",90,"2,492","6,573",250,"2,011"
South East,Southampton,"112,608","7,767",118,"3,122","10,250","1,186","58,619","7,383",475,"5,138","17,826",724,"2,011"
South East,Spelthorne,"50,161","4,808",625,"3,871","2,545",699,"31,434","1,787",111,"1,312","2,791",178,"2,011"
South East,Surrey Heath,"44,968","6,184",95,"2,580",823,322,"29,522","1,637",61,764,"2,691",289,"2,011"
South East,Swale,"62,810","6,447",96,"4,202","1,227",567,"38,697","3,365",227,"1,351","6,365",266,"2,011"
South East,Tandridge,"41,813","6,448",188,"7,310",972,349,"22,492","1,304",109,321,"2,148",172,"2,011"
South East,Test Valley,"59,611","7,402",70,"1,857","1,332",442,"37,902","3,054",233,"1,669","5,331",319,"2,011"
South East,Thanet,"55,200","5,793",100,"2,092","3,435",560,"31,182","3,698",344,"1,364","6,377",255,"2,011"
South East,Tonbridge and Malling,"59,993","6,831",125,"7,085","1,268",511,"35,795","2,560",147,830,"4,638",203,"2,011"
South East,Tunbridge Wells,"57,234","8,021",117,"8,121","1,296",346,"28,420","2,200",156,643,"7,690",224,"2,011"
South East,Vale of White Horse,"63,181","7,808",100,"1,369","3,625",622,"37,672","2,604",90,"3,907","5,157",227,"2,011"
South East,Waverley,"59,178","9,954",151,"6,402",980,404,"33,448","2,183",72,876,"4,439",269,"2,011"
South East,Wealden,"71,084","11,746",144,"4,742","1,383",411,"43,864","2,986",139,686,"4,673",310,"2,011"
South East,West Berkshire,"81,679","10,689",116,"3,791","2,918",494,"50,622","3,904",151,"2,064","6,644",286,"2,011"
South East,West Oxfordshire,"56,515","7,665",81,969,"2,398",482,"34,837","2,525",85,"2,234","5,038",201,"2,011"
South East,Winchester,"57,318","8,633",111,"3,134","1,625",427,"33,027","2,086",87,"1,103","6,744",341,"2,011"
South East,Windsor and Maidenhead,"73,951","10,898",335,"6,374",984,511,"43,781","2,549",298,"1,684","6,131",406,"2,011"
South East,Woking,"51,341","5,842",180,"7,922","1,159",386,"28,095","1,875",171,"1,339","4,181",191,"2,011"
South East,Wokingham,"81,377","10,842",153,"5,568","2,652",511,"52,016","2,800",138,"1,943","4,456",298,"2,011"
South East,Worthing,"50,611","5,271",59,"3,149","1,563",479,"27,755","2,553",156,"2,545","6,875",206,"2,011"
South East,Wycombe,"86,350","11,425",554,"4,138","3,353",529,"53,695","3,778",283,"1,094","7,163",338,"2,011"
South West,Bath and North East Somerset,"84,858","10,624",118,"2,882","5,380",876,"44,498","3,813",197,"2,451","13,636",383,"2,011"
South West,Bournemouth,"89,186","9,111",135,"1,467","7,685",989,"49,577","4,396",290,"4,169","10,919",448,"2,011"
South West,"Bristol, City of","209,995","17,841",272,"3,931","19,830","2,330","99,695","10,039",575,"15,768","38,832",882,"2,011"
South West,Cheltenham,"59,183","6,074",90,825,"3,304",418,"31,175","2,786",101,"3,805","10,390",215,"2,011"
South West,Christchurch,"20,301","2,530",19,419,733,240,"12,820",924,44,979,"1,504",89,"2,011"
South West,Cornwall,"244,527","38,596",208,"2,320","5,812","2,782","147,102","12,480",667,"3,777","28,952","1,831","2,011"
South West,Cotswold,"41,529","7,995",146,617,501,268,"24,532","1,785",69,829,"4,574",213,"2,011"
South West,East Devon,"59,908","10,081",77,"1,399","1,541",615,"34,845","2,792",145,"1,286","6,647",480,"2,011"
South West,East Dorset,"40,050","5,926",52,227,637,434,"28,091","1,670",52,957,"1,821",183,"2,011"
South West,Exeter,"57,139","4,825",52,"1,089","5,179",695,"25,758","2,979",195,"3,542","12,621",204,"2,011"
South West,Forest of Dean,"39,068","5,459",26,334,884,391,"26,174","2,144",43,446,"2,996",171,"2,011"
South West,Gloucester,"61,374","4,379",46,397,"4,513",666,"37,779","3,558",110,"3,035","6,676",215,"2,011"
South West,Isles of Scilly,"1,311",428,0,1,8,34,246,25,1,186,341,41,"2,011"
South West,Mendip,"53,845","8,580",77,429,979,398,"32,939","2,582",109,"1,166","6,365",221,"2,011"
South West,Mid Devon,"38,508","6,773",39,323,"1,102",360,"23,069","1,922",47,694,"3,994",185,"2,011"
South West,North Devon,"44,754","7,582",34,174,"1,496",424,"23,654","2,199",123,"1,524","7,303",241,"2,011"
South West,North Dorset,"33,432","5,280",63,397,360,234,"20,463","1,460",55,664,"4,289",167,"2,011"
South West,North Somerset,"97,563","11,734",98,"2,234","2,885",954,"62,805","5,002",349,"2,646","8,460",396,"2,011"
South West,Plymouth,"117,466","7,898",66,641,"12,991","2,256","65,103","7,110",743,"3,055","16,592","1,011","2,011"
South West,Poole,"71,709","7,451",104,"1,074","3,740","1,037","43,785","3,735",154,"3,393","6,859",377,"2,011"
South West,Purbeck,"21,419","3,125",27,398,377,274,"13,050","1,013",36,614,"2,351",154,"2,011"
South West,Sedgemoor,"54,540","7,155",35,394,772,549,"34,835","2,897",98,"2,469","5,116",220,"2,011"
South West,South Gloucestershire,"136,531","12,787",95,"1,621","6,645","1,874","90,569","6,809",212,"5,284","10,187",448,"2,011"
South West,South Hams,"39,999","7,824",65,516,873,441,"22,988","1,682",70,506,"4,632",402,"2,011"
South West,South Somerset,"78,771","10,536",111,451,"1,067",760,"48,980","4,160",135,"2,203","10,034",334,"2,011"
South West,Stroud,"57,342","8,194",74,749,"1,212",487,"37,822","2,843",72,"1,197","4,491",201,"2,011"
South West,Swindon,"109,499","8,849",84,"1,359","9,164","1,163","66,389","6,613",472,"4,592","10,395",419,"2,011"
South West,Taunton Deane,"54,244","6,661",57,597,"1,216",637,"30,563","2,816",93,"3,433","7,918",253,"2,011"
South West,Teignbridge,"58,962","8,611",51,"1,276","1,570",627,"36,612","2,976",111,952,"5,929",247,"2,011"
South West,Tewkesbury,"41,544","5,205",33,261,"1,860",452,"26,859","1,859",29,"1,778","3,068",140,"2,011"
South West,Torbay,"56,912","6,853",31,525,"2,469",864,"32,974","3,370",316,779,"8,413",318,"2,011"
South West,Torridge,"29,402","5,830",16,87,842,260,"16,961","1,470",65,365,"3,348",158,"2,011"
South West,West Devon,"25,241","5,245",31,162,556,185,"14,580","1,103",83,271,"2,856",169,"2,011"
South West,West Dorset,"45,714","8,174",93,498,752,406,"25,865","1,969",123,"1,087","6,487",260,"2,011"
South West,West Somerset,"15,355","3,885",17,72,314,99,"7,717",642,33,371,"2,123",82,"2,011"
South West,Weymouth and Portland,"29,987","2,987",23,371,"2,063",489,"16,928","1,684",104,"1,001","4,105",232,"2,011"
South West,Wiltshire,"239,216","32,701",352,"5,865","6,270","1,894","145,883","11,356",522,"6,638","26,680","1,055","2,011"
Wales,Anglesey,"30,431","4,026",20,199,795,217,"20,136","1,779",100,453,"2,465",241,"2,011"
Wales,Blaenau Gwent,"28,291","1,660",16,217,855,149,"19,640","2,778",154,134,"2,574",114,"2,011"
Wales,Bridgend,"61,259","4,813",46,"1,474","1,722",313,"42,315","4,470",364,503,"4,967",272,"2,011"
Wales,Caerphilly,"77,488","5,347",40,"2,950","2,971",411,"53,239","6,004",302,475,"5,469",280,"2,011"
Wales,Cardiff,"159,614","11,998",196,"5,197","15,947",655,"86,767","8,003",675,"5,791","23,644",741,"2,011"
Wales,Carmarthenshire,"80,680","11,630",58,778,"1,630",422,"53,340","5,247",206,615,"6,369",385,"2,011"
Wales,Ceredigion,"32,446","6,780",32,125,910,148,"17,917","1,652",98,361,"4,266",157,"2,011"
Wales,Conwy,"50,093","6,743",37,545,"2,130",273,"31,488","2,733",221,645,"4,954",324,"2,011"
Wales,Denbighshire,"41,156","5,136",26,429,"1,366",194,"25,901","2,625",245,633,"4,395",206,"2,011"
Wales,Flintshire,"74,049","6,577",44,640,"2,894",522,"51,486","4,848",319,"1,294","5,079",346,"2,011"
Wales,Gwynedd,"53,961","8,546",34,352,"2,379",264,"31,511","3,071",105,677,"6,724",298,"2,011"
Wales,Merthyr Tydfil,"25,099","1,680",24,460,"1,724",77,"15,788","2,620",209,80,"2,333",104,"2,011"
Wales,Monmouthshire,"42,817","6,619",61,857,563,341,"27,602","2,221",88,483,"3,792",190,"2,011"
Wales,Neath Port Talbot,"58,980","4,081",35,973,"1,948",455,"41,127","4,529",254,755,"4,539",284,"2,011"
Wales,Newport,"64,408","4,728",58,"1,312","5,009",430,"40,943","4,643",419,921,"5,652",293,"2,011"
Wales,Pembrokeshire,"54,217","9,395",41,214,"1,564",350,"33,210","3,323",195,435,"5,106",384,"2,011"
Wales,Powys,"63,653","13,621",54,364,667,218,"37,419","2,920",115,843,"7,097",335,"2,011"
Wales,"Rhondda, Cynon, Taff","99,327","6,778",61,"4,114","3,932",445,"67,154","7,995",217,441,"7,836",354,"2,011"
Wales,Swansea,"102,793","8,228",100,883,"5,791",610,"66,912","7,585",636,"1,485","9,997",566,"2,011"
Wales,The Vale of Glamorgan,"58,978","5,886",83,"3,450","1,681",328,"38,079","3,177",251,998,"4,701",344,"2,011"
Wales,Torfaen,"40,261","2,582",30,475,"1,892",301,"28,057","3,074",308,326,"3,089",127,"2,011"
Wales,Wrexham,"63,614","5,324",37,496,"3,361",397,"42,179","5,187",424,808,"5,128",273,"2,011"
North East,County Durham,"203,614","16,952",190,"1,062","15,327","1,256","121,690","21,599","1,230","1,888","21,178","1,242","2,001"
North East,Darlington,"42,993","3,553",35,482,"4,363",274,"24,105","3,477",419,949,"5,085",251,"2,001"
North East,Gateshead,"78,786","5,482","3,672",529,"13,723",480,"39,442","6,853",442,816,"6,972",375,"2,001"
North East,Hartlepool,"33,762","2,199",44,179,"2,831",245,"18,817","3,627",620,937,"3,935",328,"2,001"
North East,Middlesbrough,"49,317","3,185",46,316,"5,543",403,"27,088","4,852",434,"1,251","5,791",408,"2,001"
North East,Newcastle upon Tyne,"101,498","7,066","5,591",950,"19,156",487,"46,561","7,233",889,"1,781","11,235",549,"2,001"
North East,North Tyneside,"83,698","6,053","6,979","1,032","8,489",623,"43,032","7,037",835,"1,692","7,092",834,"2,001"
North East,Northumberland,"136,083","14,687",715,"1,132","8,331",891,"79,137","11,819",501,"2,176","15,519","1,175","2,001"
North East,Redcar and Cleveland,"54,295","3,898",48,656,"4,325",488,"32,677","4,951",267,"1,052","5,404",529,"2,001"
North East,South Tyneside,"58,899","3,743","3,983","1,059","7,442",434,"29,258","4,862",323,"1,143","5,543","1,109","2,001"
North East,Stockton-on-Tees,"75,904","5,449",61,460,"5,911",690,"47,679","6,767",346,"1,576","6,302",663,"2,001"
North East,Sunderland,"114,119","7,041",902,"1,262","17,783",696,"60,728","11,312",807,"1,525","11,215",848,"2,001"
North West,Allerdale,"41,814","5,117",16,172,"1,608",250,"24,272","3,811",139,672,"5,519",238,"2,001"
North West,Barrow-in-Furness,"28,849","1,958",12,413,"2,092",722,"14,317","2,531",277,"1,707","4,646",174,"2,001"
North West,Blackburn with Darwen,"53,575","4,355",32,504,"3,875",480,"30,589","4,946",918,622,"7,062",192,"2,001"
North West,Blackpool,"59,073","6,081",239,409,"5,743",639,"29,571","5,050",743,"1,885","8,287",426,"2,001"
North West,Bolton,"114,415","9,065",207,"2,740","9,121","1,184","68,431","9,436",878,"1,413","11,587",353,"2,001"
North West,Burnley,"38,098","2,806",18,188,"3,221",306,"21,533","4,056",258,430,"5,165",117,"2,001"
North West,Bury,"83,847","6,734","3,632",416,"6,064",704,"51,628","5,789",688,"1,047","6,847",298,"2,001"
North West,Carlisle,"46,858","4,645",18,179,"4,008",318,"25,440","3,507",203,"1,262","7,061",217,"2,001"
North West,Cheshire East,"169,143","18,422",184,"3,187","3,365","1,668","110,153","9,792",590,"5,767","15,270",745,"2,001"
North West,Cheshire West and Chester,"149,443","13,767",183,"1,838","6,388","1,595","96,271","10,284",839,"4,465","12,993",820,"2,001"
North West,Chorley,"49,200","4,583",27,864,"1,645",489,"32,233","3,595",198,865,"4,521",180,"2,001"
North West,Copeland,"29,222","2,562",14,404,"1,889",243,"17,277","3,120",133,455,"2,975",150,"2,001"
North West,Eden,"24,752","4,805",17,100,557,122,"13,536","1,438",81,330,"3,574",192,"2,001"
North West,Fylde,"32,215","3,156",27,359,"1,238",294,"19,968","2,095",146,"1,106","3,587",239,"2,001"
North West,Halton,"50,363","3,100",28,631,"3,584",539,"31,438","4,563",326,"1,023","4,923",208,"2,001"
North West,Hyndburn,"34,773","2,625",5,192,"2,333",345,"21,125","3,159",218,437,"4,233",101,"2,001"
North West,Knowsley,"54,351","2,966",108,"2,204","7,200",417,"29,320","4,886","1,055",904,"5,037",254,"2,001"
North West,Lancaster,"55,906","5,428",33,739,"3,114",696,"30,834","4,117",392,"2,150","8,017",386,"2,001"
North West,Liverpool,"154,817","8,700",618,"4,636","32,835",923,"73,707","11,629","1,939","2,686","16,393",751,"2,001"
North West,Manchester,"142,449","9,318","1,792","1,924","31,599",805,"64,769","9,181","1,676","4,610","16,163",612,"2,001"
North West,Oldham,"92,775","7,215",161,"1,325","10,436",611,"52,682","7,980",910,"1,006","10,115",334,"2,001"
North West,Pendle,"37,042","3,011",9,164,"2,377",238,"21,705","3,268",268,591,"5,253",158,"2,001"
North West,Preston,"56,203","4,138",37,403,"6,307",508,"31,375","4,189",287,"1,463","7,258",238,"2,001"
North West,Ribble Valley,"26,407","3,425",8,176,573,231,"17,022","1,492",52,522,"2,785",121,"2,001"
North West,Rochdale,"86,867","6,728",214,"1,208","7,771",712,"50,757","7,349","1,418","1,043","9,323",344,"2,001"
North West,Rossendale,"29,877","2,651",39,94,"2,074",265,"19,124","2,353",109,211,"2,857",100,"2,001"
North West,Salford,"89,920","6,630","1,025",966,"10,563",815,"48,867","7,207","1,338","2,042","10,134",333,"2,001"
North West,Sefton,"116,315","8,734",350,"6,765","9,282",944,"65,043","8,347","1,775","3,365","11,096",614,"2,001"
North West,South Lakeland,"48,413","7,309",34,442,951,486,"26,381","2,995",175,"1,505","7,783",352,"2,001"
North West,South Ribble,"51,327","4,168",10,509,"2,962",685,"33,149","3,774",183,"2,008","3,712",167,"2,001"
North West,St. Helens,"73,076","4,805",39,"1,597","5,749",710,"45,838","6,145",459,"1,152","6,331",251,"2,001"
North West,Stockport,"136,059","11,967",151,"4,751","11,576","1,006","84,432","7,712",507,"2,540","10,953",464,"2,001"
North West,Tameside,"96,254","7,444",111,"2,156","11,825",935,"54,155","7,131",635,"1,507","10,080",275,"2,001"
North West,Trafford,"99,146","8,609","4,954",888,"6,976",667,"59,903","5,545",549,"2,988","7,624",443,"2,001"
North West,Warrington,"91,286","7,541",157,"1,128","4,775","1,028","60,413","5,972",414,"2,936","6,599",323,"2,001"
North West,West Lancashire,"48,842","4,715",45,"1,086","1,380",426,"30,802","3,887",678,"1,020","4,537",266,"2,001"
North West,Wigan,"135,615","9,710",44,"2,044","9,029","1,423","84,708","12,045",758,"2,386","13,073",395,"2,001"
North West,Wirral,"126,397","8,979","1,135","6,126","10,267","1,799","73,632","9,713",938,"2,298","10,497","1,013","2,001"
North West,Wyre,"45,036","4,502",222,429,"1,915",503,"27,980","3,470",250,"1,542","3,850",373,"2,001"
Yorkshire and The Humber,Barnsley,"88,762","6,577",58,"1,042","7,002","1,002","53,529","7,982",399,734,"10,186",251,"2,001"
Yorkshire and The Humber,Bradford,"191,250","15,673",197,"6,083","22,169","1,324","105,952","15,456","1,489","1,481","20,686",740,"2,001"
Yorkshire and The Humber,Calderdale,"88,038","7,703",52,"1,811","9,906",772,"50,420","6,483",354,709,"9,487",341,"2,001"
Yorkshire and The Humber,Craven,"25,721","3,790",19,708,614,155,"14,421","1,543",122,349,"3,829",171,"2,001"
Yorkshire and The Humber,Doncaster,"118,362","9,220",82,"1,781","11,655",985,"69,189","9,626",455,"3,420","11,497",452,"2,001"
Yorkshire and The Humber,East Riding of Yorkshire,"144,858","14,920",84,"1,759","4,901","1,626","89,007","9,509",596,"7,420","13,967","1,069","2,001"
Yorkshire and The Humber,Hambleton,"41,890","6,297",24,347,798,277,"24,763","2,267",116,"1,525","5,206",270,"2,001"
Yorkshire and The Humber,Harrogate,"75,755","9,553",47,"1,153","2,995",498,"44,307","4,363",301,"1,747","10,367",424,"2,001"
Yorkshire and The Humber,"Kingston upon Hull, City of","95,957","5,196",38,583,"12,294","1,476","45,626","7,817","1,187","11,181","9,960",599,"2,001"
Yorkshire and The Humber,Kirklees,"174,023","14,681",113,"3,163","17,927","1,713","102,638","13,095",793,"1,765","17,570",565,"2,001"
Yorkshire and The Humber,Leeds,"322,831","23,974",274,"4,980","55,527","2,303","171,283","23,217","2,313","4,189","33,844",927,"2,001"
Yorkshire and The Humber,North East Lincolnshire,"65,832","4,319",26,353,"4,989",953,"37,063","5,474",583,"5,038","6,569",465,"2,001"
Yorkshire and The Humber,North Lincolnshire,"68,083","5,659",26,280,"2,005","1,092","43,190","5,171",218,"3,793","6,289",360,"2,001"
Yorkshire and The Humber,Richmondshire,"24,124","3,620",13,168,636,162,"12,543","1,421",93,573,"4,405",490,"2,001"
Yorkshire and The Humber,Rotherham,"106,489","7,391",501,724,"12,747",944,"64,948","8,821",331,"1,007","8,751",324,"2,001"
Yorkshire and The Humber,Ryedale,"24,184","4,329",9,218,537,215,"13,168","1,353",44,"1,028","3,121",162,"2,001"
Yorkshire and The Humber,Scarborough,"44,976","5,469",31,371,"2,273",470,"22,177","3,454",304,"1,111","8,946",370,"2,001"
Yorkshire and The Humber,Selby,"37,885","4,082",21,741,"1,565",435,"24,000","2,253",65,"1,440","3,135",148,"2,001"
Yorkshire and The Humber,Sheffield,"218,493","15,313","6,104","1,613","38,801","1,535","114,397","14,100",716,"2,365","22,774",775,"2,001"
Yorkshire and The Humber,Wakefield,"138,021","9,544",63,"2,609","13,185","1,397","81,685","11,585",705,"2,001","14,853",394,"2,001"
Yorkshire and The Humber,York,"87,305","6,871",57,"1,343","6,313","1,531","42,065","4,799",440,"10,508","13,049",329,"2,001"
East Midlands,Amber Valley,"54,657","4,759",16,406,"2,567",757,"35,215","3,998",181,833,"5,746",179,"2,001"
East Midlands,Ashfield,"48,949","3,499",14,628,"3,576",573,"29,655","3,957",214,"1,381","5,301",151,"2,001"
East Midlands,Bassetlaw,"46,145","4,278",18,412,"1,389",497,"29,067","3,615",112,"1,609","4,929",219,"2,001"
East Midlands,Blaby,"47,136","4,300",27,331,"3,314",538,"31,170","2,933",84,"1,363","2,931",145,"2,001"
East Midlands,Bolsover,"29,451","2,310",39,212,"1,687",337,"19,003","2,391",73,387,"2,920",92,"2,001"
East Midlands,Boston,"25,066","2,391",15,69,449,375,"14,709","2,015",73,"2,523","2,311",136,"2,001"
East Midlands,Broxtowe,"51,262","4,028",25,462,"5,382",698,"30,601","3,058",117,"2,210","4,546",135,"2,001"
East Midlands,Charnwood,"73,367","6,618",52,948,"4,399",877,"44,950","4,626",125,"2,999","7,514",259,"2,001"
East Midlands,Chesterfield,"42,930","3,180",34,316,"3,853",461,"25,516","3,656",300,657,"4,834",123,"2,001"
East Midlands,Corby,"24,749","1,466",8,138,"2,220",179,"14,219","2,868",587,880,"2,105",79,"2,001"
East Midlands,Daventry,"36,859","4,342",20,435,650,321,"24,642","2,307",97,559,"3,323",163,"2,001"
East Midlands,Derby,"95,451","6,513",37,773,"8,916","1,321","54,329","6,901",715,"4,233","11,413",300,"2,001"
East Midlands,Derbyshire Dales,"33,445","4,682",35,322,965,199,"20,507","2,068",74,339,"4,039",215,"2,001"
East Midlands,East Lindsey,"53,433","6,922",22,157,"1,315",544,"30,712","3,300",239,"2,519","7,271",432,"2,001"
East Midlands,East Northamptonshire,"38,395","3,789",23,482,738,323,"25,815","2,608",110,729,"3,657",121,"2,001"
East Midlands,Erewash,"52,480","3,951",13,660,"3,721",827,"31,937","3,567",177,"2,330","5,140",157,"2,001"
East Midlands,Gedling,"54,355","4,474",27,284,"8,268",542,"31,762","3,483",169,"1,032","4,161",153,"2,001"
East Midlands,Harborough,"39,815","4,868",19,510,853,306,"26,183","1,939",98,"1,097","3,747",195,"2,001"
East Midlands,High Peak,"43,698","4,472",38,"1,931","1,386",358,"26,090","2,736",217,549,"5,728",193,"2,001"
East Midlands,Hinckley and Bosworth,"51,317","4,982",14,278,"1,819",553,"33,879","3,256",144,"1,538","4,699",155,"2,001"
East Midlands,Kettering,"41,282","3,448",25,545,"1,479",362,"26,804","3,024",120,876,"4,475",124,"2,001"
East Midlands,Leicester,"111,580","8,397",96,905,"16,990",769,"52,968","8,467",447,"4,462","17,660",419,"2,001"
East Midlands,Lincoln,"37,299","2,401",26,193,"2,742",549,"19,192","3,039",295,"2,648","6,061",153,"2,001"
East Midlands,Mansfield,"40,607","2,881",9,392,"2,846",416,"25,025","3,727",244,702,"4,214",151,"2,001"
East Midlands,Melton,"24,097","2,713",13,220,682,219,"15,181","1,445",48,741,"2,739",96,"2,001"
East Midlands,Newark and Sherwood,"47,352","4,995",26,523,"1,937",522,"28,972","3,197",142,"2,430","4,425",183,"2,001"
East Midlands,North East Derbyshire,"44,438","4,080",210,228,"3,398",436,"28,859","3,385",80,349,"3,240",173,"2,001"
East Midlands,North Kesteven,"44,070","4,580",44,428,"1,844",602,"27,329","2,568",84,"2,436","3,940",215,"2,001"
East Midlands,North West Leicestershire,"41,919","4,000",20,115,"1,281",576,"28,580","2,685",119,884,"3,477",182,"2,001"
East Midlands,Northampton,"96,395","7,182",67,"1,222","6,888",705,"58,956","7,898",511,"2,750","9,909",307,"2,001"
East Midlands,Nottingham,"101,697","6,785",65,693,"21,758",846,"45,407","6,310",712,"3,731","14,980",410,"2,001"
East Midlands,Oadby and Wigston,"26,651","2,128",15,173,"2,624",250,"16,186","1,864",69,849,"2,430",63,"2,001"
East Midlands,Rushcliffe,"52,086","5,324",24,458,"5,146",417,"32,943","2,650",84,"1,495","3,398",147,"2,001"
East Midlands,Rutland,"16,566","2,166",19,229,174,154,"9,787",805,29,811,"2,279",113,"2,001"
East Midlands,South Derbyshire,"39,998","3,699",11,208,"1,361",541,"27,554","2,693",134,755,"2,918",124,"2,001"
East Midlands,South Holland,"35,009","4,065",13,247,590,415,"22,507","2,507",50,"2,000","2,427",188,"2,001"
East Midlands,South Kesteven,"61,060","6,256",35,942,"1,836",662,"37,658","4,058",332,"2,489","6,554",238,"2,001"
East Midlands,South Northamptonshire,"42,098","4,983",31,679,784,319,"28,978","2,526",76,651,"2,919",152,"2,001"
East Midlands,Wellingborough,"35,050","3,056",22,517,"1,228",278,"22,385","2,855",349,644,"3,591",125,"2,001"
East Midlands,West Lindsey,"35,514","4,345",20,178,803,394,"22,699","2,275",95,"1,174","3,296",235,"2,001"
West Midlands,Birmingham,"367,141","27,448",818,"9,289","73,658","2,522","190,231","22,628","2,062","5,133","32,265","1,087","2,001"
West Midlands,Bromsgrove,"43,351","4,515",25,"1,109","1,362",367,"29,686","2,546",107,524,"2,993",117,"2,001"
West Midlands,Cannock Chase,"44,000","3,361",24,519,"1,982",479,"29,009","3,949",200,637,"3,727",113,"2,001"
West Midlands,Coventry,"125,724","8,181",77,"1,687","15,014",969,"71,236","10,521",662,"3,573","13,391",413,"2,001"
West Midlands,Dudley,"139,935","10,422",155,"2,390","11,639","1,434","88,747","10,446",359,"1,872","12,101",370,"2,001"
West Midlands,East Staffordshire,"48,417","4,629",19,394,"1,785",469,"29,923","3,439",267,"1,990","5,311",191,"2,001"
West Midlands,"Herefordshire, County of","81,289","12,379",61,426,"2,372",841,"46,944","4,665",271,"3,415","9,479",436,"2,001"
West Midlands,Lichfield,"46,163","5,088",22,"1,226","1,277",376,"30,785","2,856",136,725,"3,543",129,"2,001"
West Midlands,Malvern Hills,"33,414","4,834",24,559,522,345,"21,270","1,995",67,804,"2,837",157,"2,001"
West Midlands,Newcastle-under-Lyme,"54,987","4,527",17,217,"3,281",535,"35,027","4,912",442,782,"5,095",152,"2,001"
West Midlands,North Warwickshire,"30,533","2,944",12,272,"1,082",335,"20,553","2,445",177,383,"2,244",86,"2,001"
West Midlands,Nuneaton and Bedworth,"56,613","3,929",18,357,"2,943",644,"36,462","5,079",194,"1,559","5,266",162,"2,001"
West Midlands,Redditch,"40,258","3,100",16,474,"3,064",379,"25,865","3,149",119,729,"3,258",105,"2,001"
West Midlands,Rugby,"43,284","3,873",24,638,"1,394",524,"27,422","2,957",241,"1,724","4,332",155,"2,001"
West Midlands,Sandwell,"113,562","7,771","1,160","1,734","16,653",920,"61,762","9,105",534,"1,972","11,658",293,"2,001"
West Midlands,Shropshire,"135,436","18,082",74,"1,082","3,563","1,155","79,875","8,568",428,"4,701","17,114",794,"2,001"
West Midlands,Solihull,"93,400","8,549",78,"3,382","9,338",667,"58,736","5,344",287,"1,446","5,312",261,"2,001"
West Midlands,South Staffordshire,"52,427","5,274",81,661,"2,553",458,"36,105","3,290",60,714,"3,070",161,"2,001"
West Midlands,Stafford,"58,761","6,036",22,737,"2,295",593,"36,966","3,890",202,"1,850","5,962",208,"2,001"
West Midlands,Staffordshire Moorlands,"45,596","5,138",12,139,"1,553",402,"29,948","3,333",56,619,"4,201",195,"2,001"
West Midlands,Stoke-on-Trent,"98,817","6,535",22,378,"9,749",953,"56,764","10,178",819,"1,543","11,563",313,"2,001"
West Midlands,Stratford-on-Avon,"56,543","7,482",36,678,"1,009",430,"36,729","3,063",125,"1,443","5,325",223,"2,001"
West Midlands,Tamworth,"37,012","2,765",14,529,"2,140",396,"23,458","3,246",311,"1,042","3,028",83,"2,001"
West Midlands,Telford and Wrekin,"74,380","5,769",32,699,"3,188",764,"47,907","7,116",622,"1,864","6,147",272,"2,001"
West Midlands,Walsall,"105,590","7,940",241,814,"12,547",899,"61,715","8,100",309,"2,155","10,587",283,"2,001"
West Midlands,Warwick,"62,658","6,024",53,"1,215","2,051",540,"39,324","3,790",214,"2,204","7,046",197,"2,001"
West Midlands,Wolverhampton,"94,926","7,084","1,067","1,644","12,129",823,"52,206","7,030",524,"2,534","9,579",306,"2,001"
West Midlands,Worcester,"47,003","3,594",15,638,"2,134",562,"27,348","3,349",119,"2,198","6,917",129,"2,001"
West Midlands,Wychavon,"56,186","7,002",28,644,924,534,"37,215","3,367",115,"1,379","4,766",212,"2,001"
West Midlands,Wyre Forest,"47,161","4,548",15,877,"1,146",529,"30,851","3,580",211,"1,031","4,230",143,"2,001"
East of England,Babergh,"40,296","4,888",50,"1,204","1,318",370,"25,138","2,360",109,"1,090","3,604",165,"2,001"
East of England,Basildon,"77,773","5,452",442,"12,655","3,085",660,"41,725","5,140",707,"1,552","6,119",236,"2,001"
East of England,Bedford,"70,513","6,669",84,"2,740","3,098",587,"42,572","4,191",233,"3,222","6,796",321,"2,001"
East of England,Braintree,"66,092","6,696",117,"5,384","1,522",634,"39,823","3,892",249,"1,366","6,164",245,"2,001"
East of England,Breckland,"55,612","6,377",44,264,"1,215",515,"35,422","3,563",170,"2,314","5,480",248,"2,001"
East of England,Brentwood,"32,807","3,197",342,"6,612",755,295,"17,189","1,420",201,317,"2,376",103,"2,001"
East of England,Broadland,"57,964","5,656",38,453,"3,912","1,037","37,048","3,631",117,"2,594","3,083",395,"2,001"
East of England,Broxbourne,"43,482","3,506",746,"4,976","1,141",622,"26,203","2,174",456,619,"2,905",134,"2,001"
East of England,Cambridge,"49,236","4,217",95,"1,523","2,549",609,"18,441","1,827",157,"12,758","6,890",170,"2,001"
East of England,Castle Point,"41,035","3,252",100,"5,830","1,766",448,"24,182","2,241",183,690,"2,254",89,"2,001"
East of England,Central Bedfordshire,"121,032","11,744",123,"5,847","3,082","1,152","79,329","6,792",284,"2,726","9,553",400,"2,001"
East of England,Chelmsford,"80,257","7,178",219,"9,714","3,070",772,"45,004","4,041",185,"2,820","7,003",251,"2,001"
East of England,Colchester,"75,126","6,880",111,"5,210","4,587",827,"41,528","4,310",264,"3,227","7,652",530,"2,001"
East of England,Dacorum,"69,313","6,745",327,"4,132","2,665",699,"42,888","3,858",285,836,"6,646",232,"2,001"
East of England,East Cambridgeshire,"37,208","4,082",37,947,854,381,"24,874","2,204",55,"1,376","2,258",140,"2,001"
East of England,East Hertfordshire,"67,534","6,766",331,"6,692","1,240",623,"41,445","3,098",310,"1,035","5,793",201,"2,001"
East of England,Epping Forest,"57,853","5,671","8,792","2,572","1,350",736,"31,844","2,316",652,433,"3,297",190,"2,001"
East of England,Fenland,"37,757","3,697",24,419,832,347,"24,003","2,843",138,"2,534","2,746",174,"2,001"
East of England,Forest Heath,"28,298","2,421",18,111,575,244,"18,540","1,826",124,"1,308","2,988",143,"2,001"
East of England,Great Yarmouth,"37,584","3,338",23,254,"2,532",486,"21,121","2,550",218,"1,815","4,365",882,"2,001"
East of England,Harlow,"38,824","2,489",814,"1,643","1,956",451,"22,734","3,140",473,"1,149","3,860",115,"2,001"
East of England,Hertsmere,"46,003","4,695","1,574","4,790","1,875",552,"25,804","1,987",358,497,"3,696",175,"2,001"
East of England,Huntingdonshire,"82,325","8,050",53,"2,338","2,263",723,"53,248","5,107",198,"3,622","6,437",286,"2,001"
East of England,Ipswich,"54,091","3,616",34,981,"5,623",821,"28,140","3,940",143,"3,092","7,490",211,"2,001"
East of England,King`s Lynn and West Norfolk,"60,197","6,674",58,553,"1,508",690,"37,754","4,119",154,"3,248","5,148",291,"2,001"
East of England,Luton,"82,362","6,027",166,"3,961","6,451",707,"46,412","6,477",832,"1,432","9,564",333,"2,001"
East of England,Maldon,"28,943","3,394",52,"2,111",379,236,"18,179","1,511",84,690,"2,160",147,"2,001"
East of England,Mid Suffolk,"42,629","5,462",40,760,"1,191",466,"27,536","2,366",80,"1,624","2,932",172,"2,001"
East of England,North Hertfordshire,"58,814","5,797",106,"4,887","1,455",567,"35,174","3,151",245,"1,445","5,763",224,"2,001"
East of England,North Norfolk,"41,411","5,449",45,364,"1,187",480,"24,111","2,411",115,"2,002","4,849",398,"2,001"
East of England,Norwich,"53,606","3,567",41,471,"4,516",795,"23,489","3,322",262,"4,691","12,169",283,"2,001"
East of England,Peterborough,"73,295","5,524",64,"1,592","4,783",751,"42,282","5,769",384,"5,643","6,256",247,"2,001"
East of England,Rochford,"37,792","3,355",64,"5,755","1,454",399,"22,104","1,845",139,505,"2,055",117,"2,001"
East of England,South Cambridgeshire,"69,159","7,695",72,"1,835","2,771",964,"43,372","3,316",158,"4,666","3,989",321,"2,001"
East of England,South Norfolk,"52,626","6,326",46,391,"2,273",724,"34,184","3,086",81,"2,004","3,163",348,"2,001"
East of England,Southend-on-Sea,"70,177","5,617",142,"9,288","4,205",713,"35,852","3,811",397,"1,917","8,002",233,"2,001"
East of England,St Albans,"65,676","6,950",371,"9,784","1,755",537,"37,058","2,747",161,925,"5,152",236,"2,001"
East of England,St Edmundsbury,"50,181","5,081",39,267,"1,211",537,"31,340","3,542",255,"1,734","5,977",198,"2,001"
East of England,Stevenage,"39,576","2,779",85,"2,030","2,163",494,"24,065","3,152",187,"1,147","3,381",93,"2,001"
East of England,Suffolk Coastal,"52,327","5,937",80,832,"1,582",835,"32,851","2,838",139,"2,804","4,171",258,"2,001"
East of England,Tendring,"53,642","5,488",85,"2,654","1,427",621,"31,757","3,439",271,"2,419","5,202",279,"2,001"
East of England,Three Rivers,"40,565","4,136","3,265","1,848","1,149",473,"24,704","1,853",198,531,"2,243",165,"2,001"
East of England,Thurrock,"69,534","4,801",669,"9,298","3,037","1,026","40,041","4,438",505,"1,165","4,341",213,"2,001"
East of England,Uttlesford,"35,045","4,584",158,"2,670",369,271,"21,453","1,586",111,519,"3,155",169,"2,001"
East of England,Watford,"41,648","3,261","1,109","2,979","1,774",499,"23,186","2,012",202,941,"5,560",125,"2,001"
East of England,Waveney,"46,001","4,168",44,443,"1,868",794,"26,564","2,833",224,"3,880","4,445",738,"2,001"
East of England,Welwyn Hatfield,"46,157","4,131",349,"3,990","1,465",467,"26,900","2,567",240,"1,269","4,605",174,"2,001"
London,Barking and Dagenham,"65,864","4,010","10,469","7,192","6,933","1,032","27,006","2,864",507,"1,021","4,665",165,"2,001"
London,Barnet,"145,920","15,467","33,433","7,631","12,906","1,661","59,224","4,071",898,"1,351","8,772",506,"2,001"
London,Bexley,"103,629","7,537",906,"24,757","7,740","2,018","48,467","4,126",907,"1,039","5,878",254,"2,001"
London,Brent,"118,704","10,886","30,793","7,328","15,273","1,139","39,643","3,222",464,"1,933","7,614",409,"2,001"
London,Bromley,"141,497","12,653","2,826","39,030","9,547","2,109","59,775","4,235",741,"1,333","8,792",456,"2,001"
London,Camden,"91,868","9,860","29,596","5,299","11,480","1,250","13,703","1,073",958,"3,362","14,654",633,"2,001"
London,City of London,"4,290",432,937,149,214,30,263,14,77,74,"2,049",51,"2,001"
London,Croydon,"156,741","13,372","6,553","32,819","18,259","2,031","62,940","4,978",756,"1,615","12,705",713,"2,001"
London,Ealing,"143,766","12,256","33,620","6,892","15,376","1,642","55,957","4,170",432,"3,157","9,748",516,"2,001"
London,Enfield,"121,257","9,985","15,728","12,304","12,193","1,312","55,098","4,165",843,"1,437","7,839",353,"2,001"
London,Greenwich,"91,586","6,581","7,024","22,144","12,354","1,483","30,848","2,669",565,"1,336","6,295",287,"2,001"
London,Hackney,"79,226","6,937","14,369","5,235","20,575","1,227","16,052","1,172",577,"4,940","7,811",331,"2,001"
London,Hammersmith and Fulham,"83,023","7,376","31,245","3,046","8,892","1,828","14,921",857,420,"3,942","10,068",428,"2,001"
London,Haringey,"95,732","8,416","33,295","5,983","12,319","1,202","24,284","1,580",310,"2,388","5,657",298,"2,001"
London,Harrow,"97,759","9,644","19,408","4,758","6,877",742,"45,321","3,124",505,848,"6,180",352,"2,001"
London,Havering,"104,537","7,500","8,067","18,600","7,381","1,379","48,864","4,188",960,914,"6,407",277,"2,001"
London,Hillingdon,"117,044","9,624","11,327","3,583","10,327","1,433","65,142","4,766",515,"2,019","7,933",375,"2,001"
London,Hounslow,"103,623","8,667","13,112","5,671","12,314","1,448","46,771","3,479",301,"3,185","8,265",410,"2,001"
London,Islington,"79,855","6,711","22,514","3,700","15,238","1,126","12,415","1,011",990,"3,770","11,972",408,"2,001"
London,Kensington and Chelsea,"75,571","10,259","26,358","2,074","7,951","1,278","12,748","1,094","1,465","2,130","9,529",685,"2,001"
London,Kingston upon Thames,"74,893","6,783","1,877","14,625","6,303","1,297","31,808","2,045",297,"2,331","7,207",320,"2,001"
London,Lambeth,"130,736","9,873","38,538","18,848","19,277","2,350","24,736","1,504",440,"5,407","9,250",513,"2,001"
London,Lewisham,"114,583","8,350","10,094","33,003","15,797","1,656","32,833","2,482",499,"2,121","7,342",406,"2,001"
London,Merton,"94,943","8,052","18,905","16,184","7,513","1,422","31,369","2,087",365,"2,220","6,485",341,"2,001"
London,Newham,"86,428","7,053","26,251","8,351","10,497",728,"23,324","1,956",413,"1,188","6,351",316,"2,001"
London,Redbridge,"106,114","8,967","24,530","9,970","6,696","1,180","42,604","3,253","1,451",966,"6,115",382,"2,001"
London,Richmond upon Thames,"89,408","9,852","7,449","16,793","6,314","1,537","34,645","1,747",229,"3,493","6,881",468,"2,001"
London,Southwark,"107,868","8,313","20,228","12,694","23,848","1,642","21,939","1,620",718,"3,965","12,202",699,"2,001"
London,Sutton,"90,291","7,411","3,175","14,110","6,392","1,673","44,142","3,402",506,"1,930","7,260",290,"2,001"
London,Tower Hamlets,"73,938","5,658","27,597","3,772","7,685",835,"12,228","1,021",786,"2,213","11,667",476,"2,001"
London,Waltham Forest,"97,777","6,735","26,849","9,326","9,300","1,155","32,126","2,553",786,"1,708","6,915",324,"2,001"
London,Wandsworth,"141,191","10,809","39,731","25,290","14,266","3,179","28,757","1,747",474,"5,498","10,863",577,"2,001"
London,Westminster,"89,472","9,906","28,420","3,253","11,071","1,123","11,809","1,103","1,453","2,496","17,969",869,"2,001"
South East,Adur,"27,166","2,458",15,"1,615","1,447",376,"16,044","1,668",93,"1,083","2,265",102,"2,001"
South East,Arun,"60,400","6,326",44,"1,975","1,429",744,"36,695","3,667",354,"3,058","5,808",300,"2,001"
South East,Ashford,"48,872","5,541",53,"2,620","1,409",428,"29,466","3,171",143,"1,330","4,483",228,"2,001"
South East,Aylesbury Vale,"86,232","9,545",134,"3,260","2,010",680,"54,767","4,744",497,"1,781","8,475",339,"2,001"
South East,Basingstoke and Deane,"82,628","7,768",68,"3,262","3,079",730,"52,556","5,407",290,"1,983","7,172",313,"2,001"
South East,Bracknell Forest,"60,010","5,431",53,"2,133","1,565",603,"39,462","3,344",236,"1,672","5,240",271,"2,001"
South East,Brighton and Hove,"117,551","10,870",202,"9,854","14,642",953,"50,733","5,730",623,"3,168","20,162",614,"2,001"
South East,Canterbury,"57,035","5,696",90,"2,206","1,984",579,"32,213","3,650",268,"1,744","8,283",322,"2,001"
South East,Cherwell,"70,240","6,779",60,"1,177","3,465",698,"42,743","4,604",257,"2,755","7,435",267,"2,001"
South East,Chichester,"47,996","6,476",78,"1,603",918,425,"27,891","2,525",109,"2,052","5,588",331,"2,001"
South East,Chiltern,"43,123","5,691","1,991","2,590",511,324,"26,461","1,803",114,457,"3,004",177,"2,001"
South East,Crawley,"51,470","3,667",40,"3,166","3,220",463,"31,319","3,430",427,"1,507","4,034",197,"2,001"
South East,Dartford,"42,255","3,044",95,"5,902","1,944",799,"23,813","2,551",299,477,"3,217",114,"2,001"
South East,Dover,"45,040","3,864",40,"1,086","1,618",595,"26,900","3,395",449,"1,216","5,586",291,"2,001"
South East,East Hampshire,"55,117","6,472",55,"2,396",860,527,"35,345","2,849",101,"1,132","5,030",350,"2,001"
South East,Eastbourne,"36,713","3,146",39,"1,619","2,177",341,"20,228","2,422",261,"1,269","5,016",195,"2,001"
South East,Eastleigh,"60,532","5,175",42,"1,523","2,432",966,"40,537","3,631",93,"1,686","4,201",246,"2,001"
South East,Elmbridge,"58,786","7,238",333,"9,351","1,102",863,"32,595","1,926",154,"1,630","3,304",290,"2,001"
South East,Epsom and Ewell,"33,199","3,066",326,"5,293",902,547,"18,045","1,233",181,812,"2,661",133,"2,001"
South East,Fareham,"54,358","4,658",42,"1,577","1,487","1,002","36,058","3,137",184,"2,109","3,642",462,"2,001"
South East,Gosport,"37,295","2,530",35,467,"2,441",866,"19,595","2,310",183,"3,977","4,396",495,"2,001"
South East,Gravesham,"43,960","3,617",86,"3,453","3,641",599,"24,877","3,252",174,563,"3,520",178,"2,001"
South East,Guildford,"67,097","6,981",124,"5,695","2,140",603,"38,687","3,150",152,"1,696","7,500",369,"2,001"
South East,Hart,"45,499","4,871",58,"2,451",591,462,"30,312","1,962",96,"1,208","3,204",284,"2,001"
South East,Hastings,"35,498","3,075",36,"1,532","1,925",420,"19,422","2,959",339,534,"5,111",145,"2,001"
South East,Havant,"53,011","4,293",24,"1,288","2,802",712,"33,321","3,976",384,"1,993","3,972",246,"2,001"
South East,Horsham,"61,172","7,127",54,"3,452","1,171",481,"38,916","2,920",93,"1,216","5,489",253,"2,001"
South East,Isle of Wight,"54,483","5,796",86,633,"2,144","1,065","29,508","3,240",109,"1,658","9,081","1,163","2,001"
South East,Lewes,"41,137","4,672",39,"2,511","2,266",405,"23,357","2,352",226,679,"4,461",169,"2,001"
South East,Maidstone,"69,471","7,003",71,"4,260","2,965",603,"42,182","3,954",186,862,"7,096",289,"2,001"
South East,Medway,"119,260","9,084",194,"9,369","6,519","1,578","70,078","8,515",413,"1,620","11,381",509,"2,001"
South East,Mid Sussex,"64,744","6,920",60,"6,999",943,536,"38,244","3,286",215,970,"6,270",301,"2,001"
South East,Milton Keynes,"108,075","9,253",151,"3,909","5,118","1,010","67,986","8,732",871,"3,265","7,405",375,"2,001"
South East,Mole Valley,"39,164","4,954",102,"4,141",449,382,"23,274","1,595",91,648,"3,327",201,"2,001"
South East,New Forest,"77,054","8,607",84,"1,378","1,835","1,110","50,454","4,099",137,"3,293","5,384",673,"2,001"
South East,Oxford,"60,093","5,068",116,"1,079","9,814",637,"22,638","2,533",209,"8,927","8,826",246,"2,001"
South East,Portsmouth,"87,019","5,872",76,"2,094","7,471","1,104","43,922","5,690","1,131","6,160","12,894",605,"2,001"
South East,Reading,"73,600","5,452",98,"4,737","8,953",704,"35,187","3,655",218,"3,028","11,306",262,"2,001"
South East,Reigate and Banstead,"64,184","6,475",257,"7,280","1,432",778,"38,012","2,899",379,"1,021","5,382",269,"2,001"
South East,Rother,"33,380","4,725",43,"1,961",610,337,"19,585","1,863",93,477,"3,537",149,"2,001"
South East,Runnymede,"39,037","3,700",141,"2,516",560,477,"25,170","1,695",117,"1,294","3,210",157,"2,001"
South East,Rushmoor,"49,923","4,219",33,"2,221","1,292",691,"30,597","3,051",187,"2,032","5,378",222,"2,001"
South East,Sevenoaks,"52,029","5,948",102,"8,473","1,020",677,"28,837","2,303",206,481,"3,783",199,"2,001"
South East,Shepway,"41,815","4,192",48,"1,124","1,578",435,"24,843","3,038",230,877,"5,210",240,"2,001"
South East,Slough,"58,399","4,265",312,"2,715","2,572",517,"35,611","3,965",491,"1,714","6,035",202,"2,001"
South East,South Bucks,"30,135","3,960",389,"1,734",446,245,"19,601","1,289",95,456,"1,768",152,"2,001"
South East,South Oxfordshire,"66,738","7,883",99,"2,869","1,821",734,"41,293","3,259",108,"2,502","5,889",281,"2,001"
South East,Southampton,"98,210","6,511",79,"1,991","11,223","1,495","52,002","6,769",372,"4,226","13,063",479,"2,001"
South East,Spelthorne,"46,924","3,998",385,"2,898","1,753",785,"30,349","1,900",134,"1,452","3,108",162,"2,001"
South East,Surrey Heath,"42,608","4,593",61,"2,029",732,387,"28,908","1,902",83,828,"2,903",182,"2,001"
South East,Swale,"55,712","5,107",60,"3,649","1,576",673,"32,896","3,775",217,"1,547","5,975",237,"2,001"
South East,Tandridge,"39,166","4,760",99,"5,266",933,462,"22,834","1,635",133,310,"2,536",198,"2,001"
South East,Test Valley,"57,137","5,899",57,"1,293","1,655",689,"36,692","3,566",183,"1,667","5,157",279,"2,001"
South East,Thanet,"49,197","4,443",64,"1,315","2,717",662,"27,461","3,809",603,"1,577","6,278",268,"2,001"
South East,Tonbridge and Malling,"53,038","5,282",62,"5,150","1,458",624,"31,938","2,921",127,920,"4,370",186,"2,001"
South East,Tunbridge Wells,"50,864","5,808",72,"6,259","1,290",401,"26,889","2,619",141,616,"6,516",253,"2,001"
South East,Vale of White Horse,"59,832","6,241",59,"1,090","3,091",770,"36,040","3,220",69,"4,031","4,981",240,"2,001"
South East,Waverley,"56,396","7,082",81,"4,709","1,217",508,"34,073","2,582",93,977,"4,764",310,"2,001"
South East,Wealden,"64,514","8,893",81,"3,560","1,501",497,"40,569","3,380",189,725,"4,810",309,"2,001"
South East,West Berkshire,"77,568","8,501",91,"3,032","3,419",752,"48,136","4,359",151,"2,071","6,712",344,"2,001"
South East,West Oxfordshire,"50,469","5,796",67,765,"2,340",470,"31,113","2,851",89,"2,459","4,310",209,"2,001"
South East,Winchester,"53,306","6,387",58,"2,178","1,722",528,"31,335","2,620",110,"1,012","6,987",369,"2,001"
South East,Windsor and Maidenhead,"68,149","7,805",214,"4,320","1,198",647,"42,284","2,877",247,"1,908","6,250",399,"2,001"
South East,Woking,"46,258","4,296",103,"5,445","1,022",477,"27,255","2,287",185,"1,232","3,782",174,"2,001"
South East,Wokingham,"81,279","8,675",87,"4,273","3,608",750,"52,962","3,457",162,"2,153","4,878",274,"2,001"
South East,Worthing,"44,180","3,841",31,"1,968","1,284",537,"25,395","2,721",314,"2,336","5,581",172,"2,001"
South East,Wycombe,"81,954","8,931",420,"3,083","2,853",806,"52,982","4,171",164,"1,196","7,068",280,"2,001"
South West,Bath and North East Somerset,"80,257","8,258",80,"1,951","6,163","1,106","43,561","4,522",226,"1,949","12,095",346,"2,001"
South West,Bournemouth,"72,395","6,988",82,"1,019","5,306","1,221","42,140","4,251",252,"2,892","7,911",333,"2,001"
South West,"Bristol, City of","177,057","12,944",164,"1,515","22,244","2,746","89,525","11,082",550,"8,108","27,607",572,"2,001"
South West,Cheltenham,"53,099","4,641",40,376,"2,503",637,"28,972","3,059",163,"3,661","8,852",195,"2,001"
South West,Christchurch,"18,143","1,788",17,275,728,256,"11,710",950,52,824,"1,460",83,"2,001"
South West,Cornwall,"212,989","29,613",153,"1,346","5,780","3,370","124,554","14,135",842,"3,618","27,427","2,151","2,001"
South West,Cotswold,"39,280","5,842",99,421,537,363,"23,701","2,173",70,"1,119","4,706",249,"2,001"
South West,East Devon,"52,509","7,932",46,945,"1,354",715,"30,163","3,082",155,"1,096","6,425",596,"2,001"
South West,East Dorset,"37,060","4,556",22,192,577,536,"26,050","1,955",40,"1,025","1,938",169,"2,001"
South West,Exeter,"51,634","4,016",52,462,"4,998",876,"25,462","3,459",143,"2,304","9,661",201,"2,001"
South West,Forest of Dean,"37,549","4,551",18,135,"1,091",427,"24,523","2,722",49,500,"3,335",198,"2,001"
South West,Gloucester,"52,525","3,767",24,228,"3,433",809,"31,616","3,697",90,"3,181","5,514",166,"2,001"
South West,Isles of Scilly,"1,270",295,-,4,4,32,224,26,6,152,499,28,"2,001"
South West,Mendip,"48,881","6,295",26,281,817,554,"30,170","2,893",157,"1,337","6,124",227,"2,001"
South West,Mid Devon,"32,847","5,454",22,130,800,426,"19,161","1,931",59,767,"3,924",173,"2,001"
South West,North Devon,"39,316","6,041",25,106,"1,217",600,"20,805","2,447",97,"1,414","6,328",236,"2,001"
South West,North Dorset,"28,730","4,052",34,256,400,302,"16,667","1,469",82,725,"4,583",160,"2,001"
South West,North Somerset,"88,733","9,657",56,"1,327","4,332","1,222","55,921","5,612",300,"2,260","7,722",324,"2,001"
South West,Plymouth,"106,295","7,008",68,363,"12,694","2,282","57,205","8,316",641,"2,806","14,035",877,"2,001"
South West,Poole,"64,217","5,683",54,715,"3,308","1,121","40,322","4,084",150,"2,791","5,661",328,"2,001"
South West,Purbeck,"20,333","2,417",17,334,351,328,"12,412","1,237",59,713,"2,299",166,"2,001"
South West,Sedgemoor,"48,146","5,713",22,185,916,687,"29,746","2,928",121,"2,992","4,594",242,"2,001"
South West,South Gloucestershire,"127,755","10,907",54,826,"8,291","2,300","83,580","8,062",205,"3,782","9,339",409,"2,001"
South West,South Hams,"37,003","5,843",39,221,827,615,"21,591","2,008",93,426,"4,953",387,"2,001"
South West,South Somerset,"71,240","8,262",70,303,"1,321","1,108","43,594","4,308",166,"2,622","9,166",320,"2,001"
South West,Stroud,"52,389","6,312",51,413,"1,262",650,"34,449","3,258",54,"1,048","4,720",172,"2,001"
South West,Swindon,"93,953","6,657",38,865,"7,184","1,658","55,409","6,830",531,"4,777","9,712",292,"2,001"
South West,Taunton Deane,"48,052","5,238",35,298,"1,164",879,"27,657","2,899",93,"3,190","6,338",261,"2,001"
South West,Teignbridge,"53,228","6,828",34,616,"1,584",867,"33,132","3,359",115,700,"5,712",281,"2,001"
South West,Tewkesbury,"38,103","4,107",29,156,"1,673",439,"24,547","2,122",65,"1,908","2,933",124,"2,001"
South West,Torbay,"53,543","5,807",35,270,"2,437",950,"30,218","4,038",220,831,"8,371",366,"2,001"
South West,Torridge,"25,522","4,634",10,65,544,370,"14,083","1,740",72,318,"3,492",194,"2,001"
South West,West Devon,"22,208","3,960",25,143,462,230,"12,865","1,213",62,251,"2,807",190,"2,001"
South West,West Dorset,"39,912","6,110",65,338,685,498,"23,103","2,152",140,"1,026","5,515",280,"2,001"
South West,West Somerset,"14,393","2,617",17,62,290,137,"7,395",702,37,486,"2,543",107,"2,001"
South West,Weymouth and Portland,"28,263","2,430",14,239,"2,306",613,"15,670","2,069",171,946,"3,601",204,"2,001"
South West,Wiltshire,"217,278","24,185",278,"3,790","5,985","2,586","131,430","13,092",539,"7,885","26,396","1,112","2,001"
Wales,Anglesey,"26,167","3,260",15,148,598,205,"16,442","2,089",110,448,"2,610",242,"2,001"
Wales,Blaenau Gwent,"25,133","1,445",3,75,"1,010",142,"15,507","3,384",201,146,"3,135",85,"2,001"
Wales,Bridgend,"52,865","3,702",27,596,"2,201",412,"34,224","5,626",342,502,"4,972",261,"2,001"
Wales,Caerphilly,"67,295","4,388",26,"1,806","3,592",490,"42,288","7,647",375,466,"6,008",209,"2,001"
Wales,Cardiff,"130,270","8,691",97,"2,567","14,266",776,"72,780","9,299",549,"3,514","17,196",535,"2,001"
Wales,Carmarthenshire,"67,558","9,742",41,485,"1,704",482,"41,940","5,641",257,716,"6,099",451,"2,001"
Wales,Ceredigion,"29,653","5,789",20,97,798,163,"16,263","2,082",95,309,"3,837",200,"2,001"
Wales,Conwy,"43,731","5,605",29,331,"1,823",299,"26,391","3,201",218,740,"4,742",352,"2,001"
Wales,Denbighshire,"38,277","4,426",16,300,"1,011",232,"23,446","3,205",257,697,"4,390",297,"2,001"
Wales,Flintshire,"69,452","5,415",40,419,"2,704",715,"47,456","5,778",421,"1,189","4,988",327,"2,001"
Wales,Gwynedd,"46,911","6,984",20,265,"1,924",237,"26,230","3,467",179,741,"6,566",298,"2,001"
Wales,Merthyr Tydfil,"19,887","1,225",4,220,"1,620",89,"11,868","2,433",125,111,"2,125",67,"2,001"
Wales,Monmouthshire,"38,313","4,948",24,469,651,367,"24,645","2,551",141,474,"3,823",220,"2,001"
Wales,Neath Port Talbot,"50,051","3,301",36,485,"2,442",497,"31,985","5,289",260,674,"4,794",288,"2,001"
Wales,Newport,"56,325","3,811",36,773,"5,554",534,"34,077","4,982",286,820,"5,249",203,"2,001"
Wales,Pembrokeshire,"44,897","7,377",41,169,"1,353",332,"25,793","3,672",199,364,"5,190",407,"2,001"
Wales,Powys,"56,925","11,422",35,202,672,336,"32,126","3,461",168,739,"7,379",385,"2,001"
Wales,"Rhondda, Cynon, Taff","88,385","5,612",31,"2,254","4,942",553,"54,458","10,898",218,449,"8,561",409,"2,001"
Wales,Swansea,"88,111","6,655",62,450,"6,387",678,"55,159","8,344",603,"1,024","8,232",517,"2,001"
Wales,The Vale of Glamorgan,"52,118","4,409",48,"2,045","2,278",514,"32,968","3,975",266,980,"4,364",271,"2,001"
Wales,Torfaen,"36,852","2,267",23,255,"1,643",341,"24,201","3,831",309,378,"3,483",121,"2,001"
Wales,Wrexham,"57,080","4,849",23,208,"3,149",494,"36,116","5,671",396,908,"4,989",277,"2,001"
